{"1": {"results_found": 30, "results_start": 0, "results_shown": 30, "restaurants": [{"restaurant": {"R": {"res_id": 16739358}, "apikey": "7d1d3cf1b6215d75c6727970127e88f3", "id": 16739358, "name": "The Walnut Room", "url": "https://www.zomato.com/chicago/the-walnut-room-loop?utm_source=api_basic_user&utm_medium=api&utm_campaign=v2.1", "location": {"address": "Macy's,  7th Floor, 111 N State Street, Chicago 60602", "locality": "Macy's, Loop", "city": "Chicago", "city_id": 292, "latitude": "41.8835690000", "longitude": "-87.6277150000", "zipcode": "60602", "country_id": 216, "locality_verbose": "Macy's, Loop, Chicago"}, "switch_to_order_menu": 0, "cuisines": "American", "average_cost_for_two": 40, "price_range": 2, "currency": "$", "offers": [], "thumb": "https://b.zmtcdn.com/data/res_imagery/16739358_CHAIN_208e1324ba34c6fd95e192d7dbb52d29_c.jpg?fit=around%7C200%3A200&crop=200%3A200%3B%2A%2C%2A", "user_rating": {"aggregate_rating": "3.7", "rating_text": "Good", "rating_color": "9ACD32", "votes": "77"}, "photos_url": "https://www.zomato.com/chicago/the-walnut-room-loop/photos?utm_source=api_basic_user&utm_medium=api&utm_campaign=v2.1#tabtop", "menu_url": "https://www.zomato.com/chicago/the-walnut-room-loop/menu?utm_source=api_basic_user&utm_medium=api&utm_campaign=v2.1&openSwipeBox=menu&showMinimal=1#tabtop", "featured_image": "https://b.zmtcdn.com/data/res_imagery/16739358_CHAIN_208e1324ba34c6fd95e192d7dbb52d29_c.jpg", "has_online_delivery": 0, "is_delivering_now": 0, "deeplink": "zomato://restaurant/16739358", "has_table_booking": 0, "events_url": "https://www.zomato.com/chicago/the-walnut-room-loop/events#tabtop?utm_source=api_basic_user&utm_medium=api&utm_campaign=v2.1"}}, {"restaurant": {"R": {"res_id": 16739882}, "apikey": "7d1d3cf1b6215d75c6727970127e88f3", "id": 16739882, "name": "Italian Village", "url": "https://www.zomato.com/chicago/italian-village-loop?utm_source=api_basic_user&utm_medium=api&utm_campaign=v2.1", "location": {"address": "Italian Village, 71 W Monroe Street, Chicago 60603", "locality": "Loop", "city": "Chicago", "city_id": 292, "latitude": "41.8824361111", "longitude": "-87.6305611111", "zipcode": "60603", "country_id": 216, "locality_verbose": "Loop, Chicago"}, "switch_to_order_menu": 0, "cuisines": "Italian", "average_cost_for_two": 75, "price_range": 4, "currency": "$", "offers": [], "thumb": "https://b.zmtcdn.com/data/res_imagery/16739882_RESTAURANT_0efc7c778d96347e72e1b4639b972998_c.jpg?fit=around%7C200%3A200&crop=200%3A200%3B%2A%2C%2A", "user_rating": {"aggregate_rating": "3.9", "rating_text": "Good", "rating_color": "9ACD32", "votes": "453"}, "photos_url": "https://www.zomato.com/chicago/italian-village-loop/photos?utm_source=api_basic_user&utm_medium=api&utm_campaign=v2.1#tabtop", "menu_url": "https://www.zomato.com/chicago/italian-village-loop/menu?utm_source=api_basic_user&utm_medium=api&utm_campaign=v2.1&openSwipeBox=menu&showMinimal=1#tabtop", "featured_image": "https://b.zmtcdn.com/data/res_imagery/16739882_RESTAURANT_0efc7c778d96347e72e1b4639b972998_c.jpg", "has_online_delivery": 0, "is_delivering_now": 0, "deeplink": "zomato://restaurant/16739882", "has_table_booking": 0, "events_url": "https://www.zomato.com/chicago/italian-village-loop/events#tabtop?utm_source=api_basic_user&utm_medium=api&utm_campaign=v2.1"}}, {"restaurant": {"R": {"res_id": 16753379}, "apikey": "7d1d3cf1b6215d75c6727970127e88f3", "id": 16753379, "name": "Chicago Cut Steakhouse", "url": "https://www.zomato.com/chicago/chicago-cut-steakhouse-river-north?utm_source=api_basic_user&utm_medium=api&utm_campaign=v2.1", "location": {"address": "300 N LaSalle Street, Chicago 60654", "locality": "River North", "city": "Chicago", "city_id": 292, "latitude": "41.8879460000", "longitude": "-87.6326470000", "zipcode": "60654", "country_id": 216, "locality_verbose": "River North, Chicago"}, "switch_to_order_menu": 0, "cuisines": "Steak, Seafood", "average_cost_for_two": 150, "price_range": 4, "currency": "$", "offers": [], "thumb": "https://b.zmtcdn.com/data/res_imagery/16753379_RESTAURANT_bd21aa3b8bc4404ad6bd7b6604f0c49e.jpg?fit=around%7C200%3A200&crop=200%3A200%3B%2A%2C%2A", "user_rating": {"aggregate_rating": "4.2", "rating_text": "Very Good", "rating_color": "5BA829", "votes": "196"}, "photos_url": "https://www.zomato.com/chicago/chicago-cut-steakhouse-river-north/photos?utm_source=api_basic_user&utm_medium=api&utm_campaign=v2.1#tabtop", "menu_url": "https://www.zomato.com/chicago/chicago-cut-steakhouse-river-north/menu?utm_source=api_basic_user&utm_medium=api&utm_campaign=v2.1&openSwipeBox=menu&showMinimal=1#tabtop", "featured_image": "https://b.zmtcdn.com/data/res_imagery/16753379_RESTAURANT_bd21aa3b8bc4404ad6bd7b6604f0c49e.jpg", "has_online_delivery": 0, "is_delivering_now": 0, "deeplink": "zomato://restaurant/16753379", "has_table_booking": 0, "events_url": "https://www.zomato.com/chicago/chicago-cut-steakhouse-river-north/events#tabtop?utm_source=api_basic_user&utm_medium=api&utm_campaign=v2.1"}}, {"restaurant": {"R": {"res_id": 16734970}, "apikey": "7d1d3cf1b6215d75c6727970127e88f3", "id": 16734970, "name": "Mindy's Hot Chocolate", "url": "https://www.zomato.com/chicago/mindys-hot-chocolate-wicker-park?utm_source=api_basic_user&utm_medium=api&utm_campaign=v2.1", "location": {"address": "1747 N Damen Avenue 60647", "locality": "Wicker Park", "city": "Chicago", "city_id": 292, "latitude": "41.9137111111", "longitude": "-87.6774972222", "zipcode": "60647", "country_id": 216, "locality_verbose": "Wicker Park, Chicago"}, "switch_to_order_menu": 0, "cuisines": "American, Desserts", "average_cost_for_two": 70, "price_range": 3, "currency": "$", "offers": [], "thumb": "https://b.zmtcdn.com/data/res_imagery/16734970_RESTAURANT_42c97e202a9b8a723042c2d2f7e6e03b_c.JPG?fit=around%7C200%3A200&crop=200%3A200%3B%2A%2C%2A", "user_rating": {"aggregate_rating": "4.6", "rating_text": "Excellent", "rating_color": "3F7E00", "votes": "845"}, "photos_url": "https://www.zomato.com/chicago/mindys-hot-chocolate-wicker-park/photos?utm_source=api_basic_user&utm_medium=api&utm_campaign=v2.1#tabtop", "menu_url": "https://www.zomato.com/chicago/mindys-hot-chocolate-wicker-park/menu?utm_source=api_basic_user&utm_medium=api&utm_campaign=v2.1&openSwipeBox=menu&showMinimal=1#tabtop", "featured_image": "https://b.zmtcdn.com/data/res_imagery/16734970_RESTAURANT_42c97e202a9b8a723042c2d2f7e6e03b_c.JPG", "has_online_delivery": 0, "is_delivering_now": 0, "deeplink": "zomato://restaurant/16734970", "has_table_booking": 0, "events_url": "https://www.zomato.com/chicago/mindys-hot-chocolate-wicker-park/events#tabtop?utm_source=api_basic_user&utm_medium=api&utm_campaign=v2.1"}}, {"restaurant": {"R": {"res_id": 16734712}, "apikey": "7d1d3cf1b6215d75c6727970127e88f3", "id": 16734712, "name": "Greek Islands", "url": "https://www.zomato.com/chicago/greek-islands-greektown?utm_source=api_basic_user&utm_medium=api&utm_campaign=v2.1", "location": {"address": "200 S Halsted Street, Chicago 60661", "locality": "Greektown", "city": "Chicago", "city_id": 292, "latitude": "41.8791194444", "longitude": "-87.6475055556", "zipcode": "60661", "country_id": 216, "locality_verbose": "Greektown, Chicago"}, "switch_to_order_menu": 0, "cuisines": "Greek, Mediterranean", "average_cost_for_two": 60, "price_range": 3, "currency": "$", "offers": [], "thumb": "https://b.zmtcdn.com/data/res_imagery/16734712_RESTAURANT_c5fde0ecd9e71fa29c87b0d5361e2e2d_c.jpg?fit=around%7C200%3A200&crop=200%3A200%3B%2A%2C%2A", "user_rating": {"aggregate_rating": "4.4", "rating_text": "Very Good", "rating_color": "5BA829", "votes": "776"}, "photos_url": "https://www.zomato.com/chicago/greek-islands-greektown/photos?utm_source=api_basic_user&utm_medium=api&utm_campaign=v2.1#tabtop", "menu_url": "https://www.zomato.com/chicago/greek-islands-greektown/menu?utm_source=api_basic_user&utm_medium=api&utm_campaign=v2.1&openSwipeBox=menu&showMinimal=1#tabtop", "featured_image": "https://b.zmtcdn.com/data/res_imagery/16734712_RESTAURANT_c5fde0ecd9e71fa29c87b0d5361e2e2d_c.jpg", "has_online_delivery": 0, "is_delivering_now": 0, "deeplink": "zomato://restaurant/16734712", "has_table_booking": 0, "events_url": "https://www.zomato.com/chicago/greek-islands-greektown/events#tabtop?utm_source=api_basic_user&utm_medium=api&utm_campaign=v2.1"}}, {"restaurant": {"R": {"res_id": 16753328}, "apikey": "7d1d3cf1b6215d75c6727970127e88f3", "id": 16753328, "name": "Chicago Q", "url": "https://www.zomato.com/chicago/chicago-q-gold-coast?utm_source=api_basic_user&utm_medium=api&utm_campaign=v2.1", "location": {"address": "1160 N Dearborn Street, Chicago 60610", "locality": "Gold Coast", "city": "Chicago", "city_id": 292, "latitude": "41.9035555556", "longitude": "-87.6297388889", "zipcode": "60610", "country_id": 216, "locality_verbose": "Gold Coast, Chicago"}, "switch_to_order_menu": 0, "cuisines": "American, BBQ", "average_cost_for_two": 40, "price_range": 2, "currency": "$", "offers": [], "thumb": "https://b.zmtcdn.com/data/res_imagery/16753328_RESTAURANT_bd25ab7835a05ef999f73bde1ccf72a0_c.jpg?fit=around%7C200%3A200&crop=200%3A200%3B%2A%2C%2A", "user_rating": {"aggregate_rating": "4.3", "rating_text": "Very Good", "rating_color": "5BA829", "votes": "305"}, "photos_url": "https://www.zomato.com/chicago/chicago-q-gold-coast/photos?utm_source=api_basic_user&utm_medium=api&utm_campaign=v2.1#tabtop", "menu_url": "https://www.zomato.com/chicago/chicago-q-gold-coast/menu?utm_source=api_basic_user&utm_medium=api&utm_campaign=v2.1&openSwipeBox=menu&showMinimal=1#tabtop", "featured_image": "https://b.zmtcdn.com/data/res_imagery/16753328_RESTAURANT_bd25ab7835a05ef999f73bde1ccf72a0_c.jpg", "has_online_delivery": 0, "is_delivering_now": 0, "deeplink": "zomato://restaurant/16753328", "has_table_booking": 0, "events_url": "https://www.zomato.com/chicago/chicago-q-gold-coast/events#tabtop?utm_source=api_basic_user&utm_medium=api&utm_campaign=v2.1"}}, {"restaurant": {"R": {"res_id": 16739847}, "apikey": "7d1d3cf1b6215d75c6727970127e88f3", "id": 16739847, "name": "Piccolo Sogno", "url": "https://www.zomato.com/chicago/piccolo-sogno-river-west?utm_source=api_basic_user&utm_medium=api&utm_campaign=v2.1", "location": {"address": "464 N. Halsted Street, Chicago 60622", "locality": "River West", "city": "Chicago", "city_id": 292, "latitude": "41.8908972222", "longitude": "-87.6477583333", "zipcode": "60622", "country_id": 216, "locality_verbose": "River West, Chicago"}, "switch_to_order_menu": 0, "cuisines": "Italian", "average_cost_for_two": 90, "price_range": 4, "currency": "$", "offers": [], "thumb": "https://b.zmtcdn.com/data/res_imagery/16739847_RESTAURANT_e28a56459900d42ba2253b653624e833_c.jpg?fit=around%7C200%3A200&crop=200%3A200%3B%2A%2C%2A", "user_rating": {"aggregate_rating": "4.2", "rating_text": "Very Good", "rating_color": "5BA829", "votes": "278"}, "photos_url": "https://www.zomato.com/chicago/piccolo-sogno-river-west/photos?utm_source=api_basic_user&utm_medium=api&utm_campaign=v2.1#tabtop", "menu_url": "https://www.zomato.com/chicago/piccolo-sogno-river-west/menu?utm_source=api_basic_user&utm_medium=api&utm_campaign=v2.1&openSwipeBox=menu&showMinimal=1#tabtop", "featured_image": "https://b.zmtcdn.com/data/res_imagery/16739847_RESTAURANT_e28a56459900d42ba2253b653624e833_c.jpg", "has_online_delivery": 0, "is_delivering_now": 0, "deeplink": "zomato://restaurant/16739847", "has_table_booking": 0, "events_url": "https://www.zomato.com/chicago/piccolo-sogno-river-west/events#tabtop?utm_source=api_basic_user&utm_medium=api&utm_campaign=v2.1"}}, {"restaurant": {"R": {"res_id": 16756247}, "apikey": "7d1d3cf1b6215d75c6727970127e88f3", "id": 16756247, "name": "Nico Osteria - Thomson Hotels Chicago", "url": "https://www.zomato.com/chicago/nico-osteria-thomson-hotels-chicago-gold-coast?utm_source=api_basic_user&utm_medium=api&utm_campaign=v2.1", "location": {"address": "Thomson Hotels Chicago, 1015 N. Rush Street, Gold Coast, Chicago 60611", "locality": "Gold Coast", "city": "Chicago", "city_id": 292, "latitude": "41.9010010000", "longitude": "-87.6275620000", "zipcode": "60611", "country_id": 216, "locality_verbose": "Gold Coast, Chicago"}, "switch_to_order_menu": 0, "cuisines": "Italian, Seafood", "average_cost_for_two": 55, "price_range": 3, "currency": "$", "offers": [], "thumb": "https://b.zmtcdn.com/data/res_imagery/16756247_RESTAURANT_3031b1d90205f07fbe50583fd757f6aa_c.jpg?fit=around%7C200%3A200&crop=200%3A200%3B%2A%2C%2A", "user_rating": {"aggregate_rating": "3.6", "rating_text": "Good", "rating_color": "9ACD32", "votes": "57"}, "photos_url": "https://www.zomato.com/chicago/nico-osteria-thomson-hotels-chicago-gold-coast/photos?utm_source=api_basic_user&utm_medium=api&utm_campaign=v2.1#tabtop", "menu_url": "https://www.zomato.com/chicago/nico-osteria-thomson-hotels-chicago-gold-coast/menu?utm_source=api_basic_user&utm_medium=api&utm_campaign=v2.1&openSwipeBox=menu&showMinimal=1#tabtop", "featured_image": "https://b.zmtcdn.com/data/res_imagery/16756247_RESTAURANT_3031b1d90205f07fbe50583fd757f6aa_c.jpg", "has_online_delivery": 0, "is_delivering_now": 0, "deeplink": "zomato://restaurant/16756247", "has_table_booking": 0, "events_url": "https://www.zomato.com/chicago/nico-osteria-thomson-hotels-chicago-gold-coast/events#tabtop?utm_source=api_basic_user&utm_medium=api&utm_campaign=v2.1"}}, {"restaurant": {"R": {"res_id": 16732366}, "apikey": "7d1d3cf1b6215d75c6727970127e88f3", "id": 16732366, "name": "The Berghoff", "url": "https://www.zomato.com/chicago/the-berghoff-loop?utm_source=api_basic_user&utm_medium=api&utm_campaign=v2.1", "location": {"address": "17 W Adams Street, Chicago 60603", "locality": "Loop", "city": "Chicago", "city_id": 292, "latitude": "41.8797861111", "longitude": "-87.6288444444", "zipcode": "60603", "country_id": 216, "locality_verbose": "Loop, Chicago"}, "switch_to_order_menu": 0, "cuisines": "American, German", "average_cost_for_two": 55, "price_range": 3, "currency": "$", "offers": [], "thumb": "https://b.zmtcdn.com/data/res_imagery/16732366_RESTAURANT_491de97cab2d1e42b7be33e330645fdd_c.JPG?fit=around%7C200%3A200&crop=200%3A200%3B%2A%2C%2A", "user_rating": {"aggregate_rating": "4.1", "rating_text": "Very Good", "rating_color": "5BA829", "votes": "418"}, "photos_url": "https://www.zomato.com/chicago/the-berghoff-loop/photos?utm_source=api_basic_user&utm_medium=api&utm_campaign=v2.1#tabtop", "menu_url": "https://www.zomato.com/chicago/the-berghoff-loop/menu?utm_source=api_basic_user&utm_medium=api&utm_campaign=v2.1&openSwipeBox=menu&showMinimal=1#tabtop", "featured_image": "https://b.zmtcdn.com/data/res_imagery/16732366_RESTAURANT_491de97cab2d1e42b7be33e330645fdd_c.JPG", "has_online_delivery": 0, "is_delivering_now": 0, "deeplink": "zomato://restaurant/16732366", "has_table_booking": 0, "events_url": "https://www.zomato.com/chicago/the-berghoff-loop/events#tabtop?utm_source=api_basic_user&utm_medium=api&utm_campaign=v2.1"}}, {"restaurant": {"R": {"res_id": 16737295}, "apikey": "7d1d3cf1b6215d75c6727970127e88f3", "id": 16737295, "name": "Pizano's Pizza & Pasta", "url": "https://www.zomato.com/chicago/pizanos-pizza-pasta-loop?utm_source=api_basic_user&utm_medium=api&utm_campaign=v2.1", "location": {"address": "61 E Madison Street, Chicago 60603", "locality": "Loop", "city": "Chicago", "city_id": 292, "latitude": "41.8819630000", "longitude": "-87.6257180000", "zipcode": "60603", "country_id": 216, "locality_verbose": "Loop, Chicago"}, "switch_to_order_menu": 0, "cuisines": "Italian, Pizza", "average_cost_for_two": 45, "price_range": 3, "currency": "$", "offers": [], "thumb": "https://b.zmtcdn.com/data/res_imagery/16737295_CHAIN_c9cb371c79dc3ea9a588a2ef9faa8e60.jpg?fit=around%7C200%3A200&crop=200%3A200%3B%2A%2C%2A", "user_rating": {"aggregate_rating": "4.1", "rating_text": "Very Good", "rating_color": "5BA829", "votes": "457"}, "photos_url": "https://www.zomato.com/chicago/pizanos-pizza-pasta-loop/photos?utm_source=api_basic_user&utm_medium=api&utm_campaign=v2.1#tabtop", "menu_url": "https://www.zomato.com/chicago/pizanos-pizza-pasta-loop/menu?utm_source=api_basic_user&utm_medium=api&utm_campaign=v2.1&openSwipeBox=menu&showMinimal=1#tabtop", "featured_image": "https://b.zmtcdn.com/data/res_imagery/16737295_CHAIN_c9cb371c79dc3ea9a588a2ef9faa8e60.jpg", "has_online_delivery": 0, "is_delivering_now": 0, "deeplink": "zomato://restaurant/16737295", "has_table_booking": 0, "events_url": "https://www.zomato.com/chicago/pizanos-pizza-pasta-loop/events#tabtop?utm_source=api_basic_user&utm_medium=api&utm_campaign=v2.1"}}, {"restaurant": {"R": {"res_id": 16733746}, "apikey": "7d1d3cf1b6215d75c6727970127e88f3", "id": 16733746, "name": "Dick's Last Resort", "url": "https://www.zomato.com/chicago/dicks-last-resort-river-north?utm_source=api_basic_user&utm_medium=api&utm_campaign=v2.1", "location": {"address": "315 N Dearborn Street 60610", "locality": "River North", "city": "Chicago", "city_id": 292, "latitude": "41.8881611111", "longitude": "-87.6296833333", "zipcode": "60610", "country_id": 216, "locality_verbose": "River North, Chicago"}, "switch_to_order_menu": 0, "cuisines": "American, BBQ, Burger", "average_cost_for_two": 50, "price_range": 3, "currency": "$", "offers": [], "thumb": "", "user_rating": {"aggregate_rating": "3.5", "rating_text": "Good", "rating_color": "9ACD32", "votes": "121"}, "photos_url": "https://www.zomato.com/chicago/dicks-last-resort-river-north/photos?utm_source=api_basic_user&utm_medium=api&utm_campaign=v2.1#tabtop", "menu_url": "https://www.zomato.com/chicago/dicks-last-resort-river-north/menu?utm_source=api_basic_user&utm_medium=api&utm_campaign=v2.1&openSwipeBox=menu&showMinimal=1#tabtop", "featured_image": "", "has_online_delivery": 0, "is_delivering_now": 0, "deeplink": "zomato://restaurant/16733746", "has_table_booking": 0, "events_url": "https://www.zomato.com/chicago/dicks-last-resort-river-north/events#tabtop?utm_source=api_basic_user&utm_medium=api&utm_campaign=v2.1"}}, {"restaurant": {"R": {"res_id": 16738930}, "apikey": "7d1d3cf1b6215d75c6727970127e88f3", "id": 16738930, "name": "Tavern on Rush", "url": "https://www.zomato.com/chicago/tavern-on-rush-gold-coast?utm_source=api_basic_user&utm_medium=api&utm_campaign=v2.1", "location": {"address": "1031 N Rush Street 60611", "locality": "Gold Coast", "city": "Chicago", "city_id": 292, "latitude": "41.9018100000", "longitude": "-87.6278070000", "zipcode": "60611", "country_id": 216, "locality_verbose": "Gold Coast, Chicago"}, "switch_to_order_menu": 0, "cuisines": "American", "average_cost_for_two": 80, "price_range": 4, "currency": "$", "offers": [], "thumb": "https://b.zmtcdn.com/data/res_imagery/16738930_RESTAURANT_df50093a67e3206f8075df3e00815b9a_c.jpg?fit=around%7C200%3A200&crop=200%3A200%3B%2A%2C%2A", "user_rating": {"aggregate_rating": "4.0", "rating_text": "Very Good", "rating_color": "5BA829", "votes": "303"}, "photos_url": "https://www.zomato.com/chicago/tavern-on-rush-gold-coast/photos?utm_source=api_basic_user&utm_medium=api&utm_campaign=v2.1#tabtop", "menu_url": "https://www.zomato.com/chicago/tavern-on-rush-gold-coast/menu?utm_source=api_basic_user&utm_medium=api&utm_campaign=v2.1&openSwipeBox=menu&showMinimal=1#tabtop", "featured_image": "https://b.zmtcdn.com/data/res_imagery/16738930_RESTAURANT_df50093a67e3206f8075df3e00815b9a_c.jpg", "has_online_delivery": 0, "is_delivering_now": 0, "deeplink": "zomato://restaurant/16738930", "has_table_booking": 0, "events_url": "https://www.zomato.com/chicago/tavern-on-rush-gold-coast/events#tabtop?utm_source=api_basic_user&utm_medium=api&utm_campaign=v2.1"}}, {"restaurant": {"R": {"res_id": 16739196}, "apikey": "7d1d3cf1b6215d75c6727970127e88f3", "id": 16739196, "name": "Uncle Julio's", "url": "https://www.zomato.com/chicago/uncle-julios-lincoln-park?utm_source=api_basic_user&utm_medium=api&utm_campaign=v2.1", "location": {"address": "855 W North Avenue 60622", "locality": "Lincoln Park", "city": "Chicago", "city_id": 292, "latitude": "41.9107583333", "longitude": "-87.6502916667", "zipcode": "60622", "country_id": 216, "locality_verbose": "Lincoln Park, Chicago"}, "switch_to_order_menu": 0, "cuisines": "Mexican", "average_cost_for_two": 75, "price_range": 4, "currency": "$", "offers": [], "thumb": "https://b.zmtcdn.com/data/res_imagery/16739196_CHAIN_f60fbf7d8bf657ac2f689a9b71117dcf_c.jpg?fit=around%7C200%3A200&crop=200%3A200%3B%2A%2C%2A", "user_rating": {"aggregate_rating": "4.2", "rating_text": "Very Good", "rating_color": "5BA829", "votes": "509"}, "photos_url": "https://www.zomato.com/chicago/uncle-julios-lincoln-park/photos?utm_source=api_basic_user&utm_medium=api&utm_campaign=v2.1#tabtop", "menu_url": "https://www.zomato.com/chicago/uncle-julios-lincoln-park/menu?utm_source=api_basic_user&utm_medium=api&utm_campaign=v2.1&openSwipeBox=menu&showMinimal=1#tabtop", "featured_image": "https://b.zmtcdn.com/data/res_imagery/16739196_CHAIN_f60fbf7d8bf657ac2f689a9b71117dcf_c.jpg?output-format=webp", "has_online_delivery": 0, "is_delivering_now": 0, "deeplink": "zomato://restaurant/16739196", "has_table_booking": 0, "events_url": "https://www.zomato.com/chicago/uncle-julios-lincoln-park/events#tabtop?utm_source=api_basic_user&utm_medium=api&utm_campaign=v2.1"}}, {"restaurant": {"R": {"res_id": 16755278}, "apikey": "7d1d3cf1b6215d75c6727970127e88f3", "id": 16755278, "name": "The Boarding House", "url": "https://www.zomato.com/chicago/the-boarding-house-river-north?utm_source=api_basic_user&utm_medium=api&utm_campaign=v2.1", "location": {"address": "720 North Wells Street 60654", "locality": "River North", "city": "Chicago", "city_id": 292, "latitude": "41.8956138889", "longitude": "-87.6340333333", "zipcode": "60654", "country_id": 216, "locality_verbose": "River North, Chicago"}, "switch_to_order_menu": 0, "cuisines": "American", "average_cost_for_two": 80, "price_range": 4, "currency": "$", "offers": [], "thumb": "https://b.zmtcdn.com/data/res_imagery/16755278_RESTAURANT_8889b9092ce9b95c5ed6b49b61cf4fb3_c.jpg?fit=around%7C200%3A200&crop=200%3A200%3B%2A%2C%2A", "user_rating": {"aggregate_rating": "3.6", "rating_text": "Good", "rating_color": "9ACD32", "votes": "50"}, "photos_url": "https://www.zomato.com/chicago/the-boarding-house-river-north/photos?utm_source=api_basic_user&utm_medium=api&utm_campaign=v2.1#tabtop", "menu_url": "https://www.zomato.com/chicago/the-boarding-house-river-north/menu?utm_source=api_basic_user&utm_medium=api&utm_campaign=v2.1&openSwipeBox=menu&showMinimal=1#tabtop", "featured_image": "https://b.zmtcdn.com/data/res_imagery/16755278_RESTAURANT_8889b9092ce9b95c5ed6b49b61cf4fb3_c.jpg", "has_online_delivery": 0, "is_delivering_now": 0, "deeplink": "zomato://restaurant/16755278", "has_table_booking": 0, "events_url": "https://www.zomato.com/chicago/the-boarding-house-river-north/events#tabtop?utm_source=api_basic_user&utm_medium=api&utm_campaign=v2.1"}}, {"restaurant": {"R": {"res_id": 16737225}, "apikey": "7d1d3cf1b6215d75c6727970127e88f3", "id": 16737225, "name": "Petterino's", "url": "https://www.zomato.com/chicago/petterinos-loop?utm_source=api_basic_user&utm_medium=api&utm_campaign=v2.1", "location": {"address": "150 N Dearborn Street, Chicago 60601", "locality": "Loop", "city": "Chicago", "city_id": 292, "latitude": "41.8846390000", "longitude": "-87.6296830000", "zipcode": "60601", "country_id": 216, "locality_verbose": "Loop, Chicago"}, "switch_to_order_menu": 0, "cuisines": "Seafood, Italian, Steak", "average_cost_for_two": 75, "price_range": 4, "currency": "$", "offers": [], "thumb": "https://b.zmtcdn.com/data/res_imagery/16737225_RESTAURANT_ea3162fd9298bcbe5a97ca8423197139_c.jpg?fit=around%7C200%3A200&crop=200%3A200%3B%2A%2C%2A", "user_rating": {"aggregate_rating": "3.9", "rating_text": "Good", "rating_color": "9ACD32", "votes": "202"}, "photos_url": "https://www.zomato.com/chicago/petterinos-loop/photos?utm_source=api_basic_user&utm_medium=api&utm_campaign=v2.1#tabtop", "menu_url": "https://www.zomato.com/chicago/petterinos-loop/menu?utm_source=api_basic_user&utm_medium=api&utm_campaign=v2.1&openSwipeBox=menu&showMinimal=1#tabtop", "featured_image": "https://b.zmtcdn.com/data/res_imagery/16737225_RESTAURANT_ea3162fd9298bcbe5a97ca8423197139_c.jpg", "has_online_delivery": 0, "is_delivering_now": 0, "deeplink": "zomato://restaurant/16737225", "has_table_booking": 0, "events_url": "https://www.zomato.com/chicago/petterinos-loop/events#tabtop?utm_source=api_basic_user&utm_medium=api&utm_campaign=v2.1"}}, {"restaurant": {"R": {"res_id": 16739658}, "apikey": "7d1d3cf1b6215d75c6727970127e88f3", "id": 16739658, "name": "Niu Japanese Fusion Lounge", "url": "https://www.zomato.com/chicago/niu-japanese-fusion-lounge-streeterville?utm_source=api_basic_user&utm_medium=api&utm_campaign=v2.1", "location": {"address": "332 E Illinois Street 60611", "locality": "Streeterville", "city": "Chicago", "city_id": 292, "latitude": "41.8910527778", "longitude": "-87.6184611111", "zipcode": "60611", "country_id": 216, "locality_verbose": "Streeterville, Chicago"}, "switch_to_order_menu": 0, "cuisines": "Japanese, Sushi", "average_cost_for_two": 50, "price_range": 3, "currency": "$", "offers": [], "thumb": "", "user_rating": {"aggregate_rating": "4.2", "rating_text": "Very Good", "rating_color": "5BA829", "votes": "404"}, "photos_url": "https://www.zomato.com/chicago/niu-japanese-fusion-lounge-streeterville/photos?utm_source=api_basic_user&utm_medium=api&utm_campaign=v2.1#tabtop", "menu_url": "https://www.zomato.com/chicago/niu-japanese-fusion-lounge-streeterville/menu?utm_source=api_basic_user&utm_medium=api&utm_campaign=v2.1&openSwipeBox=menu&showMinimal=1#tabtop", "featured_image": "", "has_online_delivery": 0, "is_delivering_now": 0, "deeplink": "zomato://restaurant/16739658", "has_table_booking": 0, "events_url": "https://www.zomato.com/chicago/niu-japanese-fusion-lounge-streeterville/events#tabtop?utm_source=api_basic_user&utm_medium=api&utm_campaign=v2.1"}}, {"restaurant": {"R": {"res_id": 16734151}, "apikey": "7d1d3cf1b6215d75c6727970127e88f3", "id": 16734151, "name": "Elephant & Castle", "url": "https://www.zomato.com/chicago/elephant-castle-loop?utm_source=api_basic_user&utm_medium=api&utm_campaign=v2.1", "location": {"address": "185 N Wabash Avenue, Chicago 60601", "locality": "Loop", "city": "Chicago", "city_id": 292, "latitude": "41.8855833333", "longitude": "-87.6263111111", "zipcode": "60601", "country_id": 216, "locality_verbose": "Loop, Chicago"}, "switch_to_order_menu": 0, "cuisines": "American, Pub Food", "average_cost_for_two": 45, "price_range": 3, "currency": "$", "offers": [], "thumb": "", "user_rating": {"aggregate_rating": "3.8", "rating_text": "Good", "rating_color": "9ACD32", "votes": "153"}, "photos_url": "https://www.zomato.com/chicago/elephant-castle-loop/photos?utm_source=api_basic_user&utm_medium=api&utm_campaign=v2.1#tabtop", "menu_url": "https://www.zomato.com/chicago/elephant-castle-loop/menu?utm_source=api_basic_user&utm_medium=api&utm_campaign=v2.1&openSwipeBox=menu&showMinimal=1#tabtop", "featured_image": "", "has_online_delivery": 0, "is_delivering_now": 0, "deeplink": "zomato://restaurant/16734151", "has_table_booking": 0, "events_url": "https://www.zomato.com/chicago/elephant-castle-loop/events#tabtop?utm_source=api_basic_user&utm_medium=api&utm_campaign=v2.1"}}, {"restaurant": {"R": {"res_id": 16754201}, "apikey": "7d1d3cf1b6215d75c6727970127e88f3", "id": 16754201, "name": "Libertad", "url": "https://www.zomato.com/chicago/libertad-skokie?utm_source=api_basic_user&utm_medium=api&utm_campaign=v2.1", "location": {"address": "7931 Lincoln Avenue 60077", "locality": "Skokie", "city": "Chicago", "city_id": 292, "latitude": "42.0255750000", "longitude": "-87.7552111111", "zipcode": "60077", "country_id": 216, "locality_verbose": "Skokie, Chicago"}, "switch_to_order_menu": 0, "cuisines": "Latin American, Tapas", "average_cost_for_two": 75, "price_range": 4, "currency": "$", "offers": [], "thumb": "https://b.zmtcdn.com/data/res_imagery/16754201_RESTAURANT_3826f4c6ff5d04fdaad6515d73a5c55d_c.jpg?fit=around%7C200%3A200&crop=200%3A200%3B%2A%2C%2A", "user_rating": {"aggregate_rating": "3.8", "rating_text": "Good", "rating_color": "9ACD32", "votes": "88"}, "photos_url": "https://www.zomato.com/chicago/libertad-skokie/photos?utm_source=api_basic_user&utm_medium=api&utm_campaign=v2.1#tabtop", "menu_url": "https://www.zomato.com/chicago/libertad-skokie/menu?utm_source=api_basic_user&utm_medium=api&utm_campaign=v2.1&openSwipeBox=menu&showMinimal=1#tabtop", "featured_image": "https://b.zmtcdn.com/data/res_imagery/16754201_RESTAURANT_3826f4c6ff5d04fdaad6515d73a5c55d_c.jpg", "has_online_delivery": 0, "is_delivering_now": 0, "deeplink": "zomato://restaurant/16754201", "has_table_booking": 0, "events_url": "https://www.zomato.com/chicago/libertad-skokie/events#tabtop?utm_source=api_basic_user&utm_medium=api&utm_campaign=v2.1"}}, {"restaurant": {"R": {"res_id": 16742744}, "apikey": "7d1d3cf1b6215d75c6727970127e88f3", "id": 16742744, "name": "Carson's Ribs", "url": "https://www.zomato.com/chicago/carsons-ribs-northbrook?utm_source=api_basic_user&utm_medium=api&utm_campaign=v2.1", "location": {"address": "200 Waukegan Road, Northbrook, Chicago 60015", "locality": "Northbrook", "city": "Chicago", "city_id": 292, "latitude": "42.1563833333", "longitude": "-87.8381944444", "zipcode": "60015", "country_id": 216, "locality_verbose": "Northbrook, Chicago"}, "switch_to_order_menu": 0, "cuisines": "Steak, BBQ", "average_cost_for_two": 95, "price_range": 4, "currency": "$", "offers": [], "thumb": "https://b.zmtcdn.com/data/res_imagery/16742744_RESTAURANT_17adbde302ec36518c14d0e2f2715011.jpg?fit=around%7C200%3A200&crop=200%3A200%3B%2A%2C%2A", "user_rating": {"aggregate_rating": "3.6", "rating_text": "Good", "rating_color": "9ACD32", "votes": "70"}, "photos_url": "https://www.zomato.com/chicago/carsons-ribs-northbrook/photos?utm_source=api_basic_user&utm_medium=api&utm_campaign=v2.1#tabtop", "menu_url": "https://www.zomato.com/chicago/carsons-ribs-northbrook/menu?utm_source=api_basic_user&utm_medium=api&utm_campaign=v2.1&openSwipeBox=menu&showMinimal=1#tabtop", "featured_image": "https://b.zmtcdn.com/data/res_imagery/16742744_RESTAURANT_17adbde302ec36518c14d0e2f2715011.jpg", "has_online_delivery": 0, "is_delivering_now": 0, "deeplink": "zomato://restaurant/16742744", "has_table_booking": 0, "events_url": "https://www.zomato.com/chicago/carsons-ribs-northbrook/events#tabtop?utm_source=api_basic_user&utm_medium=api&utm_campaign=v2.1"}}, {"restaurant": {"R": {"res_id": 16734720}, "apikey": "7d1d3cf1b6215d75c6727970127e88f3", "id": 16734720, "name": "Green Zebra", "url": "https://www.zomato.com/chicago/green-zebra-west-town?utm_source=api_basic_user&utm_medium=api&utm_campaign=v2.1", "location": {"address": "1460 W Chicago Avenue 60622", "locality": "West Town", "city": "Chicago", "city_id": 292, "latitude": "41.8961638889", "longitude": "-87.6647416667", "zipcode": "60622", "country_id": 216, "locality_verbose": "West Town, Chicago"}, "switch_to_order_menu": 0, "cuisines": "Vegetarian", "average_cost_for_two": 50, "price_range": 3, "currency": "$", "offers": [], "thumb": "https://b.zmtcdn.com/data/res_imagery/16734720_RESTAURANT_723581acf0046235072f6e66955e70d1_c.jpg?fit=around%7C200%3A200&crop=200%3A200%3B%2A%2C%2A", "user_rating": {"aggregate_rating": "4.1", "rating_text": "Very Good", "rating_color": "5BA829", "votes": "353"}, "photos_url": "https://www.zomato.com/chicago/green-zebra-west-town/photos?utm_source=api_basic_user&utm_medium=api&utm_campaign=v2.1#tabtop", "menu_url": "https://www.zomato.com/chicago/green-zebra-west-town/menu?utm_source=api_basic_user&utm_medium=api&utm_campaign=v2.1&openSwipeBox=menu&showMinimal=1#tabtop", "featured_image": "https://b.zmtcdn.com/data/res_imagery/16734720_RESTAURANT_723581acf0046235072f6e66955e70d1_c.jpg", "has_online_delivery": 0, "is_delivering_now": 0, "deeplink": "zomato://restaurant/16734720", "has_table_booking": 0, "events_url": "https://www.zomato.com/chicago/green-zebra-west-town/events#tabtop?utm_source=api_basic_user&utm_medium=api&utm_campaign=v2.1"}}, {"restaurant": {"R": {"res_id": 16748164}, "apikey": "7d1d3cf1b6215d75c6727970127e88f3", "id": 16748164, "name": "Phil's Pizza", "url": "https://www.zomato.com/chicago/phils-pizza-oak-lawn?utm_source=api_basic_user&utm_medium=api&utm_campaign=v2.1", "location": {"address": "8932 Ridgeland Avenue 60453", "locality": "Oak Lawn", "city": "Chicago", "city_id": 292, "latitude": "41.7300861111", "longitude": "-87.7804805556", "zipcode": "60453", "country_id": 216, "locality_verbose": "Oak Lawn, Chicago"}, "switch_to_order_menu": 0, "cuisines": "Pizza, American", "average_cost_for_two": 30, "price_range": 2, "currency": "$", "offers": [], "thumb": "", "user_rating": {"aggregate_rating": "3.6", "rating_text": "Good", "rating_color": "9ACD32", "votes": "56"}, "photos_url": "https://www.zomato.com/chicago/phils-pizza-oak-lawn/photos?utm_source=api_basic_user&utm_medium=api&utm_campaign=v2.1#tabtop", "menu_url": "https://www.zomato.com/chicago/phils-pizza-oak-lawn/menu?utm_source=api_basic_user&utm_medium=api&utm_campaign=v2.1&openSwipeBox=menu&showMinimal=1#tabtop", "featured_image": "", "has_online_delivery": 0, "is_delivering_now": 0, "deeplink": "zomato://restaurant/16748164", "has_table_booking": 0, "events_url": "https://www.zomato.com/chicago/phils-pizza-oak-lawn/events#tabtop?utm_source=api_basic_user&utm_medium=api&utm_campaign=v2.1"}}, {"restaurant": {"R": {"res_id": 16736818}, "apikey": "7d1d3cf1b6215d75c6727970127e88f3", "id": 16736818, "name": "Nile Restaurant", "url": "https://www.zomato.com/chicago/nile-restaurant-hyde-park?utm_source=api_basic_user&utm_medium=api&utm_campaign=v2.1", "location": {"address": "1162 E 55th Street 60615", "locality": "Hyde Park", "city": "Chicago", "city_id": 292, "latitude": "41.7950944444", "longitude": "-87.5971750000", "zipcode": "60615", "country_id": 216, "locality_verbose": "Hyde Park, Chicago"}, "switch_to_order_menu": 0, "cuisines": "Middle Eastern", "average_cost_for_two": 55, "price_range": 3, "currency": "$", "offers": [], "thumb": "", "user_rating": {"aggregate_rating": "4.0", "rating_text": "Very Good", "rating_color": "5BA829", "votes": "121"}, "photos_url": "https://www.zomato.com/chicago/nile-restaurant-hyde-park/photos?utm_source=api_basic_user&utm_medium=api&utm_campaign=v2.1#tabtop", "menu_url": "https://www.zomato.com/chicago/nile-restaurant-hyde-park/menu?utm_source=api_basic_user&utm_medium=api&utm_campaign=v2.1&openSwipeBox=menu&showMinimal=1#tabtop", "featured_image": "", "has_online_delivery": 0, "is_delivering_now": 0, "deeplink": "zomato://restaurant/16736818", "has_table_booking": 0, "events_url": "https://www.zomato.com/chicago/nile-restaurant-hyde-park/events#tabtop?utm_source=api_basic_user&utm_medium=api&utm_campaign=v2.1"}}, {"restaurant": {"R": {"res_id": 16741841}, "apikey": "7d1d3cf1b6215d75c6727970127e88f3", "id": 16741841, "name": "Capri Ristorante", "url": "https://www.zomato.com/chicago/capri-ristorante-burr-ridge?utm_source=api_basic_user&utm_medium=api&utm_campaign=v2.1", "location": {"address": "324 Burr Ridge Parkway, Suite 1, Chicago 60527", "locality": "Burr Ridge", "city": "Chicago", "city_id": 292, "latitude": "41.7510416667", "longitude": "-87.9116138889", "zipcode": "60527", "country_id": 216, "locality_verbose": "Burr Ridge, Chicago"}, "switch_to_order_menu": 0, "cuisines": "Italian", "average_cost_for_two": 55, "price_range": 3, "currency": "$", "offers": [], "thumb": "", "user_rating": {"aggregate_rating": "3.6", "rating_text": "Good", "rating_color": "9ACD32", "votes": "76"}, "photos_url": "https://www.zomato.com/chicago/capri-ristorante-burr-ridge/photos?utm_source=api_basic_user&utm_medium=api&utm_campaign=v2.1#tabtop", "menu_url": "https://www.zomato.com/chicago/capri-ristorante-burr-ridge/menu?utm_source=api_basic_user&utm_medium=api&utm_campaign=v2.1&openSwipeBox=menu&showMinimal=1#tabtop", "featured_image": "", "has_online_delivery": 0, "is_delivering_now": 0, "deeplink": "zomato://restaurant/16741841", "has_table_booking": 0, "events_url": "https://www.zomato.com/chicago/capri-ristorante-burr-ridge/events#tabtop?utm_source=api_basic_user&utm_medium=api&utm_campaign=v2.1"}}, {"restaurant": {"R": {"res_id": 16753323}, "apikey": "7d1d3cf1b6215d75c6727970127e88f3", "id": 16753323, "name": "Ara On", "url": "https://www.zomato.com/chicago/ara-on-loop?utm_source=api_basic_user&utm_medium=api&utm_campaign=v2.1", "location": {"address": "160 W Adams Street, Chicago 60603", "locality": "Loop", "city": "Chicago", "city_id": 292, "latitude": "41.8795420000", "longitude": "-87.6326750000", "zipcode": "60603", "country_id": 216, "locality_verbose": "Loop, Chicago"}, "switch_to_order_menu": 0, "cuisines": "French, Asian, Sushi", "average_cost_for_two": 70, "price_range": 3, "currency": "$", "offers": [], "thumb": "", "user_rating": {"aggregate_rating": "3.6", "rating_text": "Good", "rating_color": "9ACD32", "votes": "69"}, "photos_url": "https://www.zomato.com/chicago/ara-on-loop/photos?utm_source=api_basic_user&utm_medium=api&utm_campaign=v2.1#tabtop", "menu_url": "https://www.zomato.com/chicago/ara-on-loop/menu?utm_source=api_basic_user&utm_medium=api&utm_campaign=v2.1&openSwipeBox=menu&showMinimal=1#tabtop", "featured_image": "", "has_online_delivery": 0, "is_delivering_now": 0, "deeplink": "zomato://restaurant/16753323", "has_table_booking": 0, "events_url": "https://www.zomato.com/chicago/ara-on-loop/events#tabtop?utm_source=api_basic_user&utm_medium=api&utm_campaign=v2.1"}}, {"restaurant": {"R": {"res_id": 16740070}, "apikey": "7d1d3cf1b6215d75c6727970127e88f3", "id": 16740070, "name": "Chicago Prime Italian", "url": "https://www.zomato.com/chicago/chicago-prime-italian-schaumburg?utm_source=api_basic_user&utm_medium=api&utm_campaign=v2.1", "location": {"address": "1370 Bank Drive 60173", "locality": "Schaumburg", "city": "Chicago", "city_id": 292, "latitude": "42.0426000000", "longitude": "-88.0483000000", "zipcode": "60173", "country_id": 216, "locality_verbose": "Schaumburg, Chicago"}, "switch_to_order_menu": 0, "cuisines": "Italian", "average_cost_for_two": 275, "price_range": 4, "currency": "$", "offers": [], "thumb": "https://b.zmtcdn.com/data/res_imagery/16740070_CHAIN_683179e05e2f7ae77f6eae356b63a60f_c.jpg?fit=around%7C200%3A200&crop=200%3A200%3B%2A%2C%2A", "user_rating": {"aggregate_rating": "3.7", "rating_text": "Good", "rating_color": "9ACD32", "votes": "105"}, "photos_url": "https://www.zomato.com/chicago/chicago-prime-italian-schaumburg/photos?utm_source=api_basic_user&utm_medium=api&utm_campaign=v2.1#tabtop", "menu_url": "https://www.zomato.com/chicago/chicago-prime-italian-schaumburg/menu?utm_source=api_basic_user&utm_medium=api&utm_campaign=v2.1&openSwipeBox=menu&showMinimal=1#tabtop", "featured_image": "https://b.zmtcdn.com/data/res_imagery/16740070_CHAIN_683179e05e2f7ae77f6eae356b63a60f_c.jpg", "has_online_delivery": 0, "is_delivering_now": 0, "deeplink": "zomato://restaurant/16740070", "has_table_booking": 0, "events_url": "https://www.zomato.com/chicago/chicago-prime-italian-schaumburg/events#tabtop?utm_source=api_basic_user&utm_medium=api&utm_campaign=v2.1"}}, {"restaurant": {"R": {"res_id": 16744050}, "apikey": "7d1d3cf1b6215d75c6727970127e88f3", "id": 16744050, "name": "Niche", "url": "https://www.zomato.com/chicago/niche-restaurant-geneva?utm_source=api_basic_user&utm_medium=api&utm_campaign=v2.1", "location": {"address": "14 S Third Street 60134", "locality": "Geneva", "city": "Chicago", "city_id": 292, "latitude": "41.8878000000", "longitude": "-88.3080000000", "zipcode": "60134", "country_id": 216, "locality_verbose": "Geneva, Chicago"}, "switch_to_order_menu": 0, "cuisines": "New American", "average_cost_for_two": 125, "price_range": 4, "currency": "$", "offers": [], "thumb": "https://b.zmtcdn.com/data/res_imagery/16744050_RESTAURANT_3f942643cdc4312bb755512783fbcc63_c.jpg?fit=around%7C200%3A200&crop=200%3A200%3B%2A%2C%2A", "user_rating": {"aggregate_rating": "3.7", "rating_text": "Good", "rating_color": "9ACD32", "votes": "115"}, "photos_url": "https://www.zomato.com/chicago/niche-restaurant-geneva/photos?utm_source=api_basic_user&utm_medium=api&utm_campaign=v2.1#tabtop", "menu_url": "https://www.zomato.com/chicago/niche-restaurant-geneva/menu?utm_source=api_basic_user&utm_medium=api&utm_campaign=v2.1&openSwipeBox=menu&showMinimal=1#tabtop", "featured_image": "https://b.zmtcdn.com/data/res_imagery/16744050_RESTAURANT_3f942643cdc4312bb755512783fbcc63_c.jpg", "has_online_delivery": 0, "is_delivering_now": 0, "deeplink": "zomato://restaurant/16744050", "has_table_booking": 0, "events_url": "https://www.zomato.com/chicago/niche-restaurant-geneva/events#tabtop?utm_source=api_basic_user&utm_medium=api&utm_campaign=v2.1"}}, {"restaurant": {"R": {"res_id": 16732465}, "apikey": "7d1d3cf1b6215d75c6727970127e88f3", "id": 16732465, "name": "Bistro Campagne", "url": "https://www.zomato.com/chicago/bistro-campagne-lincoln-square?utm_source=api_basic_user&utm_medium=api&utm_campaign=v2.1", "location": {"address": "4518 N Lincoln Avenue 60625", "locality": "Lincoln Square", "city": "Chicago", "city_id": 292, "latitude": "41.9637000000", "longitude": "-87.6853944444", "zipcode": "60625", "country_id": 216, "locality_verbose": "Lincoln Square, Chicago"}, "switch_to_order_menu": 0, "cuisines": "French", "average_cost_for_two": 60, "price_range": 3, "currency": "$", "offers": [], "thumb": "https://b.zmtcdn.com/data/res_imagery/16732465_RESTAURANT_3e2edb8abc70a7bedc897915ca5a81b6_c.jpg?fit=around%7C200%3A200&crop=200%3A200%3B%2A%2C%2A", "user_rating": {"aggregate_rating": "4.3", "rating_text": "Very Good", "rating_color": "5BA829", "votes": "404"}, "photos_url": "https://www.zomato.com/chicago/bistro-campagne-lincoln-square/photos?utm_source=api_basic_user&utm_medium=api&utm_campaign=v2.1#tabtop", "menu_url": "https://www.zomato.com/chicago/bistro-campagne-lincoln-square/menu?utm_source=api_basic_user&utm_medium=api&utm_campaign=v2.1&openSwipeBox=menu&showMinimal=1#tabtop", "featured_image": "https://b.zmtcdn.com/data/res_imagery/16732465_RESTAURANT_3e2edb8abc70a7bedc897915ca5a81b6_c.jpg", "has_online_delivery": 0, "is_delivering_now": 0, "deeplink": "zomato://restaurant/16732465", "has_table_booking": 0, "events_url": "https://www.zomato.com/chicago/bistro-campagne-lincoln-square/events#tabtop?utm_source=api_basic_user&utm_medium=api&utm_campaign=v2.1"}}, {"restaurant": {"R": {"res_id": 16752792}, "apikey": "7d1d3cf1b6215d75c6727970127e88f3", "id": 16752792, "name": "The Lucky Monk", "url": "https://www.zomato.com/chicago/the-lucky-monk-hoffman-estates?utm_source=api_basic_user&utm_medium=api&utm_campaign=v2.1", "location": {"address": "105 Hollywood Boulevard 60010", "locality": "Hoffman Estates", "city": "Chicago", "city_id": 292, "latitude": "42.0712580000", "longitude": "-88.1445580000", "zipcode": "60010", "country_id": 216, "locality_verbose": "Hoffman Estates, Chicago"}, "switch_to_order_menu": 0, "cuisines": "Burger, Pizza", "average_cost_for_two": 45, "price_range": 3, "currency": "$", "offers": [], "thumb": "https://b.zmtcdn.com/data/res_imagery/16752792_RESTAURANT_aa4ccf95300b2bd457495be0b4165dc4_c.jpg?fit=around%7C200%3A200&crop=200%3A200%3B%2A%2C%2A", "user_rating": {"aggregate_rating": "4.0", "rating_text": "Very Good", "rating_color": "5BA829", "votes": "195"}, "photos_url": "https://www.zomato.com/chicago/the-lucky-monk-hoffman-estates/photos?utm_source=api_basic_user&utm_medium=api&utm_campaign=v2.1#tabtop", "menu_url": "https://www.zomato.com/chicago/the-lucky-monk-hoffman-estates/menu?utm_source=api_basic_user&utm_medium=api&utm_campaign=v2.1&openSwipeBox=menu&showMinimal=1#tabtop", "featured_image": "https://b.zmtcdn.com/data/res_imagery/16752792_RESTAURANT_aa4ccf95300b2bd457495be0b4165dc4_c.jpg", "has_online_delivery": 0, "is_delivering_now": 0, "deeplink": "zomato://restaurant/16752792", "has_table_booking": 0, "events_url": "https://www.zomato.com/chicago/the-lucky-monk-hoffman-estates/events#tabtop?utm_source=api_basic_user&utm_medium=api&utm_campaign=v2.1"}}, {"restaurant": {"R": {"res_id": 16734422}, "apikey": "7d1d3cf1b6215d75c6727970127e88f3", "id": 16734422, "name": "Fabulous Freddies", "url": "https://www.zomato.com/chicago/fabulous-freddies-bridgeport?utm_source=api_basic_user&utm_medium=api&utm_campaign=v2.1", "location": {"address": "701 W 31st Street 60616", "locality": "Bridgeport", "city": "Chicago", "city_id": 292, "latitude": "41.8380194444", "longitude": "-87.6439805556", "zipcode": "60616", "country_id": 216, "locality_verbose": "Bridgeport, Chicago"}, "switch_to_order_menu": 0, "cuisines": "American, Italian", "average_cost_for_two": 30, "price_range": 2, "currency": "$", "offers": [], "thumb": "", "user_rating": {"aggregate_rating": "4.0", "rating_text": "Very Good", "rating_color": "5BA829", "votes": "146"}, "photos_url": "https://www.zomato.com/chicago/fabulous-freddies-bridgeport/photos?utm_source=api_basic_user&utm_medium=api&utm_campaign=v2.1#tabtop", "menu_url": "https://www.zomato.com/chicago/fabulous-freddies-bridgeport/menu?utm_source=api_basic_user&utm_medium=api&utm_campaign=v2.1&openSwipeBox=menu&showMinimal=1#tabtop", "featured_image": "", "has_online_delivery": 0, "is_delivering_now": 0, "deeplink": "zomato://restaurant/16734422", "has_table_booking": 0, "events_url": "https://www.zomato.com/chicago/fabulous-freddies-bridgeport/events#tabtop?utm_source=api_basic_user&utm_medium=api&utm_campaign=v2.1"}}, {"restaurant": {"R": {"res_id": 16739657}, "apikey": "7d1d3cf1b6215d75c6727970127e88f3", "id": 16739657, "name": "Rosebud Prime", "url": "https://www.zomato.com/chicago/rosebud-prime-loop?utm_source=api_basic_user&utm_medium=api&utm_campaign=v2.1", "location": {"address": "1 S. Dearborn Street, Chicago 60603", "locality": "Loop", "city": "Chicago", "city_id": 292, "latitude": "41.8812166667", "longitude": "-87.6294166667", "zipcode": "60603", "country_id": 216, "locality_verbose": "Loop, Chicago"}, "switch_to_order_menu": 0, "cuisines": "Italian, American", "average_cost_for_two": 75, "price_range": 4, "currency": "$", "offers": [], "thumb": "https://b.zmtcdn.com/data/res_imagery/16739657_RESTAURANT_3f9d4b8709c3183da555956d759dae13_c.jpg?fit=around%7C200%3A200&crop=200%3A200%3B%2A%2C%2A", "user_rating": {"aggregate_rating": "3.6", "rating_text": "Good", "rating_color": "9ACD32", "votes": "109"}, "photos_url": "https://www.zomato.com/chicago/rosebud-prime-loop/photos?utm_source=api_basic_user&utm_medium=api&utm_campaign=v2.1#tabtop", "menu_url": "https://www.zomato.com/chicago/rosebud-prime-loop/menu?utm_source=api_basic_user&utm_medium=api&utm_campaign=v2.1&openSwipeBox=menu&showMinimal=1#tabtop", "featured_image": "https://b.zmtcdn.com/data/res_imagery/16739657_RESTAURANT_3f9d4b8709c3183da555956d759dae13_c.jpg", "has_online_delivery": 0, "is_delivering_now": 0, "deeplink": "zomato://restaurant/16739657", "has_table_booking": 0, "events_url": "https://www.zomato.com/chicago/rosebud-prime-loop/events#tabtop?utm_source=api_basic_user&utm_medium=api&utm_campaign=v2.1"}}]}}