{"chicago": {"location_suggestions": [{"id": 292, "name": "Chicago, IL", "country_id": 216, "country_name": "United States", "should_experiment_with": 0, "discovery_enabled": 1, "has_new_ad_format": 0, "is_state": 0, "state_id": 82, "state_name": "Illinois", "state_code": "IL"}, {"id": 5560, "name": "East Chicago, IN", "country_id": 216, "country_name": "United States", "should_experiment_with": 0, "discovery_enabled": 0, "has_new_ad_format": 0, "is_state": 0, "state_id": 83, "state_name": "Indiana", "state_code": "IN"}], "status": "success", "has_more": 0, "has_total": 0}, "chicsgo": {"location_suggestions": [], "status": "success", "has_more": 0, "has_total": 0}, "cchicago": {"location_suggestions": [], "status": "success", "has_more": 0, "has_total": 0}, "chicaago": {"location_suggestions": [], "status": "success", "has_more": 0, "has_total": 0}}