{"292": {"collections": [{"collection": {"collection_id": 1, "res_count": 30, "image_url": "https://b.zmtcdn.com/data/collections/e140962ec7eecbb851155fe0bb0cd28c_1501223786.jpg", "url": "https://www.zomato.com/dundee-mi/top-restaurants?utm_source=api_basic_user&utm_medium=api&utm_campaign=v2.1", "title": "Trending this week", "description": "The most popular restaurants in town this week", "share_url": "http://www.zoma.to/c-292/1"}}, {"collection": {"collection_id": 112, "res_count": 19, "image_url": "https://b.zmtcdn.com/data/collections/d54df30563212e846bf79dd1ba0f1de4_1419918252_l.jpg", "url": "https://www.zomato.com/dundee-mi/best-pizza?utm_source=api_basic_user&utm_medium=api&utm_campaign=v2.1", "title": "Upper crust", "description": "For the delicious, cheesy mess you love.", "share_url": "http://www.zoma.to/c-292/112"}}, {"collection": {"collection_id": 91, "res_count": 17, "image_url": "https://b.zmtcdn.com/data/collections/3b0b8b05b6920bfc3a2d166c0e6fcc82_1441696450_l.jpg", "url": "https://www.zomato.com/dundee-mi/american-diner?utm_source=api_basic_user&utm_medium=api&utm_campaign=v2.1", "title": "Great diners", "description": "Hearty, delicious all-American dining.", "share_url": "http://www.zoma.to/c-292/91"}}, {"collection": {"collection_id": 482, "res_count": 18, "image_url": "https://b.zmtcdn.com/data/collections/55e3f0e8bb87a8f5a35eeabfb5266477_1439871156_l.jpg", "url": "https://www.zomato.com/dundee-mi/patio-dining?utm_source=api_basic_user&utm_medium=api&utm_campaign=v2.1", "title": "Prime patios", "description": "Enjoy a lovely al fresco dinner at these stunning patio restaurants", "share_url": "http://www.zoma.to/c-292/482"}}, {"collection": {"collection_id": 22, "res_count": 15, "image_url": "https://b.zmtcdn.com/data/collections/95d517d48c52188721ddfcf69d7d34f5_1419406534_l.jpg", "url": "https://www.zomato.com/dundee-mi/best-coffee?utm_source=api_basic_user&utm_medium=api&utm_campaign=v2.1", "title": "Great coffee", "description": "Caffeinate away with that perfect cup of cappuccino, mocha or latte from some of the best coffee spots", "share_url": "http://www.zoma.to/c-292/22"}}, {"collection": {"collection_id": 65, "res_count": 18, "image_url": "https://b.zmtcdn.com/data/collections/73391cc46aa0d33d5c5cf3bd09981bc6_1469073198.jpg", "url": "https://www.zomato.com/dundee-mi/sushi?utm_source=api_basic_user&utm_medium=api&utm_campaign=v2.1", "title": "Super sushi", "description": "Classic maki-style rolls, sashimi or nigiri sushi, hit up these spots for your favourite Japanese snack ", "share_url": "http://www.zoma.to/c-292/65"}}, {"collection": {"collection_id": 77, "res_count": 15, "image_url": "https://b.zmtcdn.com/data/collections/1617185c6c7ff5b2a5c54f130dcb58ef_1435909914_l.jpg", "url": "https://www.zomato.com/dundee-mi/mexican-restaurants?utm_source=api_basic_user&utm_medium=api&utm_campaign=v2.1", "title": "Mexican magic", "description": "Places to enjoy a fiesta of flavor", "share_url": "http://www.zoma.to/c-292/77"}}, {"collection": {"collection_id": 47, "res_count": 14, "image_url": "https://b.zmtcdn.com/data/collections/25c5f1b5770669e57362c08154e92090_1438661776_l.jpg", "url": "https://www.zomato.com/dundee-mi/steakhouses?utm_source=api_basic_user&utm_medium=api&utm_campaign=v2.1", "title": "Steakhouses", "description": "Medium-rare? Well-done? Steak your pick.", "share_url": "http://www.zoma.to/c-292/47"}}, {"collection": {"collection_id": 6, "res_count": 18, "image_url": "https://b.zmtcdn.com/data/collections/1fa3acc57ad83023e1f50170b1b7fc08_1431429354_l.jpg", "url": "https://www.zomato.com/dundee-mi/late-night-restaurants?utm_source=api_basic_user&utm_medium=api&utm_campaign=v2.1", "title": "Late Night Restaurants", "description": "Banish those midnight cravings with our handy list of late night & 24-hour restaurants serving all your favourite comfort foods", "share_url": "http://www.zoma.to/c-292/6"}}, {"collection": {"collection_id": 719, "res_count": 20, "image_url": "https://b.zmtcdn.com/data/collections/a74acb5b4fb660edcb255a3b52246c61_1442577697_l.jpg", "url": "https://www.zomato.com/dundee-mi/neighborhood-restaurants?utm_source=api_basic_user&utm_medium=api&utm_campaign=v2.1", "title": "Exploring the 'hood - West Loop", "description": "The best restaurants in Chicago, by location", "share_url": "http://www.zoma.to/c-292/719"}}], "has_more": 0, "share_url": "http://www.zoma.to/c-292", "display_text": "OR EXPLORE OUR COLLECTIONS", "has_total": 0}}